ID,RED,IR,RED 4xS,IR 4xS
1,232899,245349,233041,245453
2,232883,245345,233151,245604.25
3,233017,245427,233225,245730.25
4,233366,245691,233253,245800.25
5,233339,245954,233199,245758.5
6,233178,245849,233138,245591.75
7,233128,245707,233083,245404.75
8,233151,245524,232945,245170.25
9,233094,245287,232758,244934.5
10,232960,245101,232649,244786.25
11,232576,244769,232630,244723.5
12,232401,244581,232683,244772
13,232657,244694,232751,244847.5
14,232884,244850,232754,244905.25
15,232791,244963,232726,244930.75
16,232673,244883,232778,244968.25
17,232667,244925,232884,245119.25
18,232772,244952,232970,245245
19,233001,245113,232969,245346
20,233094,245487,232962,245358.25
21,233014,245428,232906,245303
22,232766,245356,232871,245304.75
23,232975,245162,232938,245334
24,232868,245266,232921,245415.25
25,232874,245435,232912,245442.5
26,233035,245473,232942,245452
27,232908,245487,232964,245467
28,232831,245375,232991,245530
29,232992,245473,232950,245470.5
30,233125,245533,232822,245287
31,233016,245739,232678,245062.25
32,232667,245137,232498,244765
33,232480,244739,232383,244569.25
34,232549,244634,232389,244510.25
35,232295,244550,232387,244528.5
36,232208,244354,232417,244547
37,232502,244503,232465,244607.25
38,232541,244707,232504,244684.25
39,232415,244624,232521,244751.25
40,232402,244595,232561,244845.5
41,232658,244811,232593,244943.75
42,232607,244975,232625,245029.25
43,232577,245001,232644,245079.75
44,232530,244988,232657,245141.75
45,232785,245153,232728,245205.75
46,232684,245177,232749,245260.5
47,232629,245249,232769,245338.75
48,232813,245244,232788,245387.75
49,232871,245372,232776,245452.75
50,232764,245490,232753,245519.25
51,232703,245445,232750,245546
52,232767,245504,232744,245567
53,232778,245638,232683,245473.75
54,232750,245597,232598,245269
55,232679,245529,232475,245012.5
56,232525,245131,232353,244734.75
57,232438,244819,232308,244610.75
58,232256,244571,232278,244597.25
59,232193,244418,232288,244629
60,232345,244635,232374,244752.75
61,232319,244765,232430,244863
62,232296,244698,232481,244971.5
63,232534,244913,232507,245088.75
64,232570,245076,232513,245181.75
65,232525,245199,232519,245254.75
66,232397,245167,232565,245343.5
67,232559,245285,232652,245447
68,232596,245368,232663,245530
69,232708,245554,232686,245594
70,232743,245581,232641,245604.5
71,232603,245617,232612,245605.75
72,232691,245624,232629,245619.25
73,232525,245596,232644,245666.5
74,232628,245586,232722,245780.5
75,232673,245671,232781,245934.25
76,232749,245813,232819,246038.75
77,232839,246052,232735,245924.75
78,232864,246201,232545,245587.75
79,232824,246089,232341,245163
80,232413,245357,232173,244763.5
81,232079,244704,232123,244576.75
82,232046,244502,232168,244591.5
83,232152,244491,232266,244677.5
84,232214,244610,232346,244820.25
85,232259,244763,232371,244937.5
86,232440,244846,232399,244975.25
87,232470,245062,232356,244998.25
88,232316,245079,232370,245049.5
89,232371,244914,232442,245083.25
90,232268,244938,232523,245221.5
91,232525,245267,232587,245372.25
92,232603,245214,232639,245458.75
93,232697,245467,232663,245535.25
94,232524,245541,232667,245572.5
95,232732,245613,232742,245600
96,232699,245520,232755,245634
97,232714,245616,232793,245708
98,232824,245651,232853,245774.5
99,232784,245749,232876,245866.75
100,232851,245816,232887,245935
101,232954,245882,232864,245934
102,232914,246020,232752,245775.5
103,232827,246022,232578,245439
104,232760,245812,232403,245052.5
105,232505,245248,232214,244691
106,232221,244674,232087,244507.5
107,232125,244476,232066,244484.25
108,232006,244366,232084,244538.25
109,231995,244514,232103,244636.5
110,232139,244581,232141,244693
111,232194,244692,232152,244753.5
112,232085,244759,232164,244794.5
113,232147,244740,232225,244862.75
114,232180,244823,232279,244984
115,232245,244856,232334,245132.5
116,232328,245032,232380,245286.25
117,232363,245225,232418,245412.75
118,232399,245417,232481,245514.5
119,232428,245471,232553,245604.25
120,232480,245538,232619,245703.75
121,232617,245632,232681,245785.25
122,232685,245776,232701,245863.5
123,232695,245869,232730,245953
124,232725,245864,232780,246040.5
125,232699,245945,232814,246080
126,232802,246134,232753,245936.75
127,232895,246219,232585,245593.75
128,232860,246022,232351,245166.25
129,232455,245372,232112,244780.5
130,232128,244762,232009,244556.75
131,231961,244509,231977,244475.75
132,231902,244479,231981,244507
133,232043,244477,231988,244526.5
134,232000,244438,231953,244555
135,231977,244634,231993,244642.5
136,231931,244557,232103,244776.75
137,231904,244591,232231,244944.5
138,232159,244788,232322,245089
139,232417,245171,232333,245150.75
140,232444,245228,232294,245154
141,232266,245169,232364,245192.25
142,232203,245035,232483,245327.5
143,232263,245184,232584,245478.25
144,232724,245381,232663,245542.25
145,232743,245710,232624,245532.5
146,232607,245638,232626,245533.5
147,232579,245440,232691,245584
148,232567,245342,232697,245666.75
149,232749,245714,232672,245716
150,232870,245840,232621,245623.25
151,232601,245771,232503,245446.25
152,232467,245539,232462,245239
153,232547,245343,232274,244891.25
154,232396,245132,232059,244576
155,232437,244942,231943,244333.25
156,231715,244148,231835,244197
157,231689,244082,231849,244240.75
158,231931,244161,231869,244273.25
159,232003,244397,231862,244368
160,231771,244323,231869,244445.75
161,231771,244212,231935,244543
162,231901,244540,232016,244708.5
163,232031,244708,232083,244826.25
164,232038,244712,232158,244896
165,232093,244874,232231,244963.25
166,232168,245011,232295,245024
167,232331,244987,232365,245068
168,232332,244981,232386,245125.5
169,232348,245117,232434,245204.5
170,232449,245187,232461,245254.75
171,232413,245217,232472,245299.25
172,232525,245297,232480,245338.5
173,232455,245318,232457,245340.25
174,232496,245365,232473,245371.5
175,232442,245374,232458,245353.75
176,232436,245304,232371,245182.75
177,232517,245443,232234,244905.25
178,232435,245294,232016,244524.75
179,232097,244690,231803,244155.5
180,231885,244194,231666,243937
181,231648,243921,231593,243844
182,231582,243817,231582,243817.5
183,231547,243816,231569,243826
184,231594,243822,231585,243857.75
185,231605,243815,231596,243912
186,231530,243851,231593,243976.75
187,231612,243943,231625,244030
188,231636,244039,231626,244077.75
189,231593,244074,231665,244137.25
190,231657,244064,231691,244173
191,231617,244134,231708,244251
192,231793,244277,231723,244294.5
193,231697,244217,231690,244285.5
194,231723,244376,231692,244320
195,231677,244308,231693,244340.5
196,231663,244241,231679,244394.25
197,231703,244355,231722,244499.75
198,231728,244458,231783,244590.5
199,231623,244523,231846,244688.75
200,231833,244663,231924,244769
201,231948,244718,231858,244701.75
202,231981,244851,231663,244449.5
203,231934,244844,231438,244054.75
204,231569,244394,231181,243619.25
205,231169,243709,231023,243287.5
206,231078,243272,230985,243150
207,230906,243102,230962,243171.5
208,230937,243067,231014,243265
209,231020,243159,231055,243340.75
210,230983,243358,231073,243417.25
211,231116,243476,231083,243432.75
212,231101,243370,231058,243423.5
213,231090,243465,231070,243484
214,231025,243420,231145,243580.25
215,231014,243439,231276,243707.75
216,231152,243612,231404,243864.5
217,231387,243850,231453,243975.25
218,231551,243930,231423,243972.5
219,231525,244066,231421,244029.25
220,231350,244055,231440,244074
221,231266,243839,231478,244128.75
222,231544,244157,231521,244234.25
223,231598,244245,231517,244276.25
224,231505,244274,231523,244314.25
225,231438,244261,231572,244394.25
226,231527,244325,231650,244476
227,231620,244397,231597,244380.75
228,231702,244594,231448,244138
229,231750,244588,231267,243782.25
230,231315,243944,231045,243407.5
231,231024,243426,230882,243146
232,230977,243171,230830,243020.75
233,230862,243089,230797,242985.75
234,230664,242898,230756,242980.25
235,230817,242925,230790,242999.5
236,230844,243031,230805,243055.5
237,230700,243067,230798,243121
238,230798,242975,230827,243180.25
239,230876,243149,230886,243323.75
240,230818,243293,230947,243447
241,230814,243304,230986,243557.75
242,231036,243549,231033,243632.5
243,231118,243642,231026,243657.25
244,230977,243736,230994,243687
245,231000,243603,231001,243693
246,231008,243648,231006,243736.5
247,230990,243761,231034,243801.25
248,231007,243760,231055,243870.75
249,231020,243777,231100,243957.25
250,231119,243907,231110,244033
251,231072,244039,231104,244090.5
252,231190,244106,231155,244159.75
253,231058,244080,231128,244108.25
254,231096,244137,231056,243929
255,231274,244316,230942,243659.5
256,231082,243900,230769,243322
257,230773,243363,230631,243066.5
258,230637,243059,230576,242958.5
259,230583,242966,230553,242938
260,230532,242878,230513,242930.25
261,230550,242931,230516,242973.75
262,230548,242977,230568,243055.25
263,230423,242935,230616,243156.75
264,230544,243052,230690,243267
265,230758,243257,230701,243357
266,230740,243383,230707,243404.75
267,230716,243376,230738,243459
268,230591,243412,230810,243531.75
269,230781,243448,230866,243588
270,230864,243600,230849,243634.75
271,231003,243667,230823,243645.25
272,230816,243637,230789,243648.75
273,230714,243635,230853,243695
274,230760,243642,230954,243789
275,230867,243681,230989,243885.75
276,231070,243822,230939,243933.25
277,231119,244011,230813,243903.5
278,230900,244029,230816,243904.75
279,230668,243871,230846,243938.25
280,230563,243703,230784,243816.75
281,231133,244016,230714,243600
282,231019,244163,230529,243322.5
283,230420,243385,230364,243018.75
284,230282,242836,230307,242878.25
285,230393,242906,230295,242835
286,230360,242948,230234,242777.5
287,230192,242823,230200,242744.5
288,230235,242663,230252,242741.75
289,230148,242676,230296,242865.75
290,230225,242816,230373,242995.75
291,230399,242812,230418,243071
292,230413,243159,230457,243170.75
293,230455,243196,230520,243234.25
294,230403,243117,230565,243302
295,230558,243211,230622,243381
296,230662,243413,230636,243440.5
297,230637,243467,230624,243473.25
298,230631,243433,230655,243530
299,230614,243449,230716,243612.5
300,230614,243544,230772,243701.5
301,230761,243694,230810,243762
302,230873,243763,230853,243792.25
303,230839,243805,230858,243824
304,230766,243786,230870,243877.25
305,230934,243815,230928,243945
306,230892,243890,230933,244005.25
307,230886,244018,230891,243956.25
308,230999,244057,230797,243754
309,230955,244056,230631,243472
310,230724,243694,230480,243154.25
311,230510,243209,230399,242933.5
312,230333,242929,230353,242867
313,230352,242785,230331,242846.25
314,230399,242811,230347,242868.75
315,230329,242943,230369,242920
316,230244,242846,230406,242975.25
317,230415,242875,230474,243056.5
318,230488,243016,230518,243156.25
319,230478,243164,230556,243229.5
320,230515,243171,230590,243273
321,230590,243274,230609,243333.75
322,230642,243309,230636,243355.75
323,230611,243338,230659,243406.25
324,230592,243414,230681,243469.5
325,230700,243362,230687,243470.25
326,230731,243511,230708,243540.25
327,230699,243591,230791,243619.25
328,230616,243417,230791,243687.75
329,230785,243642,230809,243789.25
330,231062,243827,230855,243859.25
331,230702,243865,230814,243903.25
332,230688,243823,230818,243897.25
333,230968,243922,230842,243800.75
334,230897,244003,230738,243653.25
335,230720,243841,230520,243349.25
336,230782,243437,230313,242978.25
337,230552,243332,230197,242784.25
338,230024,242787,230149,242686.75
339,229893,242357,230130,242610.25
340,230320,242661,230188,242641.75
341,230359,242942,230142,242641.25
342,229947,242481,230147,242600
343,230124,242483,230242,242723.75
344,230136,242659,230270,242889.25
345,230380,242777,230327,243009.25
346,230327,242976,230259,243057.75
347,230237,243145,230229,243062
348,230363,243139,230248,243027
349,230109,242971,230240,243009.5
350,230208,242993,230341,243079.25
351,230312,243005,230465,243179.5
352,230330,243069,230518,243283.5
353,230512,243250,230549,243377.75
354,230704,243394,230535,243402.5
355,230527,243421,230492,243438.5
356,230451,243446,230510,243449.75
357,230459,243349,230565,243488.25
358,230530,243538,230623,243559.75
359,230601,243466,230624,243536.75
360,230669,243600,230520,243391
361,230691,243635,230349,243106
362,230534,243446,230146,242735.75
363,230187,242883,229971,242382
364,229982,242460,229874,242197.25
365,229880,242154,229856,242125
366,229836,242031,229855,242136
367,229796,242144,229845,242180.75
368,229912,242171,229860,242208.25
369,229877,242198,229839,242223.25
370,229796,242210,229826,242257.5
371,229855,242254,229851,242310.5
372,229827,242231,229886,242385.25
373,229827,242335,229963,242483.5
374,229893,242422,230036,242550.25
375,229996,242553,230086,242621.25
376,230135,242624,230114,242656.75
377,230120,242602,230111,242684.5
378,230093,242706,230120,242757
379,230106,242695,230169,242803.25
380,230123,242735,230200,242878.75
381,230156,242892,230260,242992.75
382,230292,242891,230315,243070.5
383,230230,242997,230335,243144.25
384,230363,243191,230392,243194.25
385,230373,243203,230424,243185
386,230373,243186,230380,243061.25
387,230458,243197,230258,242786.25
388,230493,243154,230090,242438.25
389,230194,242708,229879,242072.25
390,229888,242086,229733,241821.5
391,229783,241805,229703,241723
392,229652,241690,229671,241691
393,229607,241705,229660,241670
394,229769,241692,229641,241631.75
395,229656,241677,229603,241634.75
396,229608,241606,229618,241639.25
397,229530,241552,229629,241700.25
398,229618,241704,229649,241779.25
399,229716,241695,229677,241817.5
400,229652,241850,229702,241885.75
401,229609,241868,229758,241941
402,229732,241857,229785,242003.25
403,229814,241968,229793,242044.5
404,229877,242071,229864,242100.75
405,229716,242117,229959,242197.75
406,229764,242022,230025,242254.25
407,230098,242193,230046,242290.25
408,230259,242459,229999,242298.25
409,229977,242343,229988,242288.75
410,229848,242166,230076,242368
411,229913,242225,230144,242472.75
412,230215,242421,230101,242391.75
413,230329,242660,229947,242140.25
414,230118,242585,229759,241804.5
415,229740,241901,229598,241424.75
416,229602,241415,229474,241160.75
417,229577,241317,229347,240965.75
418,229472,241066,229227,240741.5
419,229243,240845,229231,240677.75
420,229094,240635,229215,240706.25
421,229100,240420,229205,240674.75
422,229486,240811,229218,240716.5
423,229181,240959,229189,240766.5
424,229054,240509,229250,240805
425,229152,240587,229310,240922.25
426,229368,241011,229406,241040.5
427,229425,241113,229457,241128.25
428,229295,240978,229459,241155.5
429,229534,241060,229508,241187
430,229574,241362,229544,241287.5
431,229433,241222,229554,241310.25
432,229491,241104,229581,241348.75
433,229678,241462,229631,241444.25
434,229613,241453,229648,241481.5
435,229540,241376,229651,241513.75
436,229694,241486,229674,241566.5
437,229746,241611,229707,241644.75
438,229624,241582,229736,241686.5
439,229630,241587,229697,241647
440,229826,241799,229601,241473.5
441,229864,241778,229418,241159.75
442,229466,241424,229195,240764
443,229246,240893,229065,240443.75
444,229097,240544,228991,240235.5
445,228971,240195,228957,240124
446,228944,240143,228946,240113.25
447,228952,240060,228934,240110.75
448,228959,240098,228911,240131.5
449,228928,240152,228914,240162
450,228897,240133,228966,240226
451,228861,240143,229059,240314
452,228968,240220,229137,240437.75
453,229139,240408,229176,240544
454,229269,240485,229179,240599
455,229170,240638,229192,240657.25
456,229124,240645,229213,240693.5
457,229151,240628,229227,240718.75
458,229324,240718,229255,240778.75
459,229252,240783,229288,240823.75
460,229181,240746,229279,240842.25
461,229261,240868,229271,240862.75
462,229459,240898,229281,240888.25
463,229215,240857,229285,240967.5
464,229149,240828,229385,241094.5
465,229299,240970,229417,241151
466,229476,241215,229389,241103
467,229617,241365,229298,240880
468,229274,241054,229098,240550.25
469,229189,240778,228944,240208.5
470,229112,240323,228880,239979.5
471,228816,240046,228840,239898.25
472,228658,239687,228784,239869.5
473,228935,239862,228846,239900.75
474,228950,239998,228894,239953
475,228591,239931,228965,240072.75
476,228906,239812,229145,240228
477,229130,240071,229217,240411.75
478,229234,240477,229243,240501
479,229310,240552,229295,240546
480,229194,240547,229399,240645
481,229233,240428,229480,240730.75
482,229441,240657,229505,240837
483,229726,240948,229496,240826.75
484,229520,240890,229472,240809.75
485,229334,240853,229512,240848.5
486,229405,240616,229602,240940.25
487,229630,240880,229659,241087.25
488,229680,241045,229633,241141
489,229691,241220,229605,241146.75
490,229634,241204,229630,241147
491,229527,241095,229679,241147.75
492,229568,241068,229721,241113
493,229789,241221,229641,240891
494,229833,241207,229391,240497
495,229692,240956,229154,240024
496,229251,240180,228971,239691.25
497,228787,239645,228893,239535.75
498,228886,239315,228920,239527
499,228961,239625,228914,239564.5
500,228938,239558,228891,239510.75
501,228894,239610,228900,239519
502,228862,239465,228938,239567
503,228869,239410,228991,239667
504,228973,239591,229031,239791.25
505,229048,239802,229104,239907.75
506,229073,239865,229170,240002.5
507,229030,239907,229204,240072.5
508,229264,240057,229255,240126
509,229314,240181,229290,240188.5
510,229207,240145,229312,240233.5
511,229235,240121,229351,240281.75
512,229402,240307,229410,240357.25
513,229402,240361,229442,240457
514,229365,240338,229433,240507
515,229471,240423,229470,240585.5
516,229529,240706,229484,240704
517,229367,240561,229499,240718.25
518,229514,240652,229433,240626.25
519,229526,240897,229345,240424.5
520,229588,240763,229217,240087.25
521,229105,240193,229052,239728
522,229162,239845,228969,239493.75
523,229013,239548,228908,239350.5
524,228927,239326,228878,239316.75
525,228773,239256,228884,239319.5
526,228917,239272,228954,239369.75
527,228896,239413,228983,239442.5
528,228949,239337,229016,239498.5
529,229055,239457,229079,239631.25
530,229032,239563,229164,239769
531,229026,239637,229221,239877
532,229201,239868,229284,239971.5
533,229397,240008,229340,240014
534,229260,239995,229352,240071.5
535,229279,240015,229378,240125
536,229423,240038,229406,240211.25
537,229446,240238,229426,240325.25
538,229363,240209,229481,240420.5
539,229390,240360,229586,240554
540,229506,240494,229669,240673.5
541,229663,240619,229726,240807.5
542,229784,240743,229770,240919.25
543,229723,240838,229771,240972.25
544,229732,241030,229756,240903.25
545,229840,241066,229711,240702
546,229789,240955,229591,240378
547,229663,240562,229463,240045.75
548,229550,240225,229286,239775.25
549,229361,239770,229094,239557.75
550,229276,239626,228960,239430.5
551,228958,239480,228860,239350.5
552,228780,239355,228861,239299.75
553,228826,239261,228934,239328
554,228875,239306,229032,239421.25
555,228961,239277,229105,239541.25
556,229072,239468,229172,239709.75
557,229219,239634,229188,239845
558,229168,239786,229172,239916.5
559,229230,239951,229179,239991.5
560,229133,240009,229230,240061
561,229155,239920,229320,240163.75
562,229196,240086,229439,240305.25
563,229435,240229,229566,240453.25
564,229495,240420,229631,240557.25
565,229630,240486,229685,240658.5
566,229705,240678,229688,240758
567,229693,240645,229697,240851.75
568,229711,240825,229730,240943.75
569,229644,240884,229796,241027.5
570,229741,241053,229869,241079.75
571,229823,241013,229888,241008
572,229974,241160,229808,240832
573,229936,241093,229658,240527.25
574,229820,240766,229486,240210.5
575,229502,240309,229375,239998.5
576,229373,239941,229340,239904.25
577,229248,239826,229342,239917.25
578,229376,239918,229390,239999.75
579,229362,239932,229422,240063.75
580,229381,239993,229446,240113.5
581,229440,240156,229489,240187
582,229503,240174,229565,240267.25
583,229461,240131,229610,240356.5
584,229550,240287,229683,240463
585,229747,240477,229751,240592
586,229683,240531,229795,240664.5
587,229751,240557,229866,240755.75
588,229821,240803,229929,240862.25
589,229925,240767,229979,240892.75
590,229966,240896,229984,240935.75
591,230002,240983,229993,240969.5
592,230023,240925,229997,240988.25
593,229945,240939,230024,241064.25
594,230003,241031,230055,241177.75
595,230016,241058,230092,241254.5
596,230130,241229,230121,241337.75
597,230069,241393,230092,241365
598,230153,241338,230037,241241
599,230131,241391,229911,240987.5
600,230014,241338,229720,240639
601,229848,240897,229501,240274
602,229652,240324,229382,240019
603,229364,239997,229327,239948.25
604,229141,239878,229358,239986.25
605,229372,239877,229431,240049.25
606,229429,240041,229447,240136
607,229488,240149,229448,240199.75
608,229434,240130,229438,240264.5
609,229435,240224,229508,240384.75
610,229433,240296,229599,240506.5
611,229448,240408,229701,240648.75
612,229715,240611,229775,240774
613,229799,240711,229771,240851.5
614,229841,240865,229733,240915.25
615,229744,240909,229743,240948.25
616,229699,240921,229806,240996.75
617,229648,240966,229903,241118.25
618,229879,240997,230032,241238.5
619,229998,241103,230073,241380
620,230087,241407,230090,241477.5
621,230164,241447,230082,241505
622,230044,241563,230099,241540.25
623,230063,241493,230179,241585.75
624,230055,241517,230210,241602
625,230232,241588,230168,241474
626,230364,241745,229978,241241
627,230188,241558,229703,240878
628,229888,241005,229506,240530.25
629,229473,240656,229413,240358.5
630,229263,240293,229410,240308.5
631,229401,240167,229461,240362.75
632,229514,240318,229430,240473.5
633,229460,240456,229410,240539.5
634,229469,240510,229430,240579.25
635,229278,240610,229458,240644.25
636,229432,240582,229586,240723.75
637,229539,240615,229679,240868.25
638,229582,240770,229744,241006.75
639,229791,240928,229796,241136.75
640,229802,241160,229813,241225.25
641,229802,241169,229826,241259.75
642,229790,241290,229841,241318
643,229858,241282,229877,241356
644,229855,241298,229910,241423.75
645,229859,241402,229959,241503.75
646,229935,241442,230027,241612.75
647,229989,241553,230084,241711
648,230054,241618,230120,241790
649,230129,241838,230137,241832.25
650,230165,241835,230074,241734.25
651,230133,241869,229977,241557.25
652,230120,241787,229838,241276.75
653,229879,241446,229650,240967.5
654,229776,241127,229519,240742.75
655,229578,240747,229416,240605.75
656,229366,240550,229372,240587.75
657,229356,240547,229348,240581.25
658,229362,240579,229350,240598.5
659,229402,240675,229370,240645.5
660,229270,240524,,
661,229367,240616,,
662,229439,240767,,
663,229554,240884,,
664,229544,241073,,
665,229509,241058,,
666,229609,241026,,
667,229709,241159,,
668,229755,241338,,
669,229742,241398,,
670,229701,241451,,
671,229694,241393,,
672,229937,241493,,
673,230009,241639,,
674,230030,241732,,
675,230070,241812,,
676,230068,241832,,
677,230135,241944,,
678,229917,241827,,
679,229887,241509,,
680,229693,241091,,
681,229389,240802,,
682,229206,240469,,
683,229240,240511,,
684,229357,240687,,
685,229257,240597,,
686,229096,240385,,
687,229178,240430,,
688,229308,240581,,
689,229303,240751,,
690,229180,240752,,
691,229105,240702,,
692,229350,240915,,
693,229597,241158,,
694,229605,241267,,
695,229299,241139,,
696,229291,241030,,
697,229709,241277,,
698,229867,241756,,
699,229733,241572,,
700,229544,241331,,
701,229675,241446,,
702,229944,241716,,
703,229948,241962,,
704,229792,241927,,
705,229651,241588,,
706,229658,241345,,
707,229495,241057,,
708,229245,240812,,
709,229105,240562,,
710,229015,240292,,
711,229192,240538,,
712,229219,240642,,
713,229039,240569,,
714,228975,240422,,
715,229079,240545,,
716,229279,240967,,
717,229377,241174,,
718,229343,241121,,
719,229474,241191,,
720,229561,241357,,
721,229661,241502,,
722,229598,241528,,
723,229586,241450,,
724,229645,241599,,
725,229777,241770,,
726,229738,241846,,
727,229675,241689,,
728,229776,241824,,
729,229907,242086,,
730,230026,242265,,
731,230007,242252,,
732,229877,242079,,
733,229854,241820,,
734,229472,241437,,
735,229307,240999,,
736,229251,240963,,
737,229335,241090,,
738,229311,240989,,
739,229323,241017,,
740,229401,241184,,
741,229314,241231,,
742,229444,241235,,
743,229627,241470,,
744,229679,241606,,
745,229677,241643,,
746,229600,241745,,
747,229836,241871,,
748,229774,241811,,
749,229819,241886,,
750,230049,242116,,
751,230029,242133,,
752,229904,242146,,
753,229899,242099,,
754,230152,242327,,
755,230127,242431,,
756,230254,242502,,
757,229878,242354,,
758,230160,242498,,
759,230308,242459,,
760,229706,242002,,
761,229244,241249,,
762,229464,241224,,
763,229594,241414,,
764,229355,241321,,
765,229093,241000,,
766,229227,241104,,
767,229702,241451,,
768,229485,241667,,
769,229282,241402,,
770,229654,241536,,
771,229896,242112,,
772,229881,242216,,
773,229682,242076,,
774,229742,242017,,
775,229888,242187,,
776,230127,242399,,
777,230030,242536,,
778,229956,242449,,
779,229997,242441,,
780,230122,242516,,
781,230204,242814,,
782,230186,242789,,
783,230314,242989,,
784,230287,242938,,
785,230177,242544,,
786,229793,242081,,
787,229572,241777,,
788,229541,241665,,
789,229465,241673,,
790,229332,241488,,
791,229358,241499,,
792,229500,241688,,
793,229484,241874,,
794,229462,241623,,
795,229610,241857,,
796,229772,242125,,
797,229687,242114,,
798,229770,242151,,
799,229868,242260,,
800,229846,242298,,
801,229873,242332,,
802,229908,242460,,
803,229986,242582,,
804,230101,242799,,
805,229998,242751,,
806,229947,242665,,
807,230155,242813,,
808,230274,243056,,
809,230336,243118,,
810,230304,243164,,
811,230139,242928,,
812,229893,242423,,
813,229759,242082,,
814,229476,241827,,
815,229318,241558,,
816,229431,241623,,
817,229500,241793,,
818,229361,241717,,
819,229335,241588,,
820,229457,241765,,
821,229567,241861,,
822,229630,242131,,
823,229532,242101,,
824,229780,242243,,
825,230008,242431,,
826,229879,242473,,
827,229758,242428,,
828,229895,242423,,
829,230170,242667,,
830,230149,242891,,
,229962,242880,,
,230093,242632,,
,230330,242937,,
,230287,243077,,
,230253,243159,,
,230201,243160,,
,229970,242982,,
,229802,242534,,
,229771,242157,,
,229529,242012,,
,229301,241718,,
,229069,241552,,
,229220,241470,,
,229360,241699,,
,229640,241911,,
,229645,241980,,
,229469,241912,,
,229196,241635,,
,229436,241707,,
,229623,242102,,
,229762,242332,,
,229503,242113,,
,229517,241951,,
,229751,242379,,
,229738,242489,,
,229665,242415,,
,229600,242326,,
,229725,242384,,
,229889,242602,,
,229795,242784,,
,229763,242644,,
,229789,242764,,
,229955,242862,,
,230069,243041,,
,229649,242552,,
,229335,242046,,
,229265,241740,,
,229087,241588,,
,228889,241401,,
,228962,241452,,
,229103,241506,,
,229133,241536,,
,228964,241573,,
,228982,241530,,
,229231,241761,,
,229261,241980,,
,229340,242042,,
,229491,242159,,
,229411,242269,,
,229409,242239,,
,229471,242433,,
,229545,242394,,
,229607,242427,,
,229660,242627,,
,229595,242576,,
,229564,242645,,
,229668,242694,,
,229791,242792,,
,229977,242829,,
,229931,243165,,
,229805,243117,,
,229875,243020,,
,229613,242594,,
,229279,242197,,
,229024,241749,,
,229064,241655,,
,228996,241656,,
,228787,241611,,
,228688,241476,,
,228873,241450,,
,229051,241653,,
,229236,241902,,
,229081,241981,,
,229036,241945,,
,229173,242025,,
,229323,242107,,
,229558,242367,,
,229495,242529,,
,229425,242524,,
,229323,242385,,
,229358,242217,,
,229613,242480,,
,229690,242744,,
,229635,242814,,
,229517,242700,,
,229369,242518,,
,229613,242516,,
,229718,242989,,
,229737,242981,,
,229461,242507,,
,228923,241888,,
,228925,241479,,
,228926,241607,,
,228684,241381,,
,228586,241134,,
,228777,241404,,
,228756,241464,,
,228617,241361,,
,228570,241199,,
,228730,241316,,
,228883,241744,,
,228808,241710,,
,228844,241630,,
,229018,241909,,
,229037,241854,,
,228893,241826,,
,228812,241752,,
,229099,241875,,
,229121,241967,,
,229118,242066,,
,229092,242130,,
,229025,242166,,
,229079,242107,,
,229145,242355,,
,229250,242376,,
,229299,242403,,
,228999,242118,,
,228718,241584,,
,228343,241079,,
,228131,240823,,
,228026,240695,,
,228130,240682,,
,228200,240757,,
,228146,240837,,
,228145,240839,,
,228166,240827,,
,228199,240766,,
,228196,240951,,
,228364,241149,,
,228403,241181,,
,228264,241281,,
,228352,241309,,
,228500,241404,,
,228619,241657,,
,228729,241766,,
,228730,241716,,
,228580,241728,,
,228752,241662,,
,229079,241858,,
,229103,242241,,
,228959,242187,,
,228940,242095,,
,229066,242093,,
,229195,242183,,
,229094,241995,,
,228640,241469,,
,228071,240861,,
,227775,240252,,
,227831,240244,,
,227947,240237,,
,227896,240369,,
,227689,240151,,
,227512,239883,,
,227641,239920,,
,227971,240305,,
,227894,240469,,
,227751,240285,,
,227747,240139,,
,227838,240321,,
,228015,240540,,
,227874,240597,,
,227712,240468,,
,227917,240566,,
,228149,240717,,
,228042,240844,,
,227913,240778,,
,228097,240790,,
,228262,241071,,
,228234,241184,,
,228195,241203,,
,228331,241214,,
,228403,241329,,
,228311,241373,,
,227990,240832,,
,227640,240264,,
,227541,239911,,
,227333,239816,,
,227189,239697,,
,227163,239608,,
,227252,239657,,
,227298,239844,,
,227258,239757,,
,227284,239637,,
,227359,239870,,
,227471,240085,,
,227557,240194,,
,227523,240293,,
,227673,240352,,
,227765,240514,,
,227893,240567,,
,228003,240778,,
,228056,240833,,
,228011,240914,,
,227949,240960,,
,228015,240969,,
,228163,240953,,
,228118,241005,,
,228200,241166,,
,228346,241249,,
,228347,241385,,
,228375,241480,,
,228134,241190,,
,227928,240827,,
,227633,240177,,
,227591,240121,,
,227459,240130,,
,227389,239933,,
,227147,239871,,
,227245,239801,,
,227401,239981,,
,227601,240204,,
,227644,240356,,
,227553,240269,,
,227459,240169,,
,227587,240295,,
,227650,240391,,
,227812,240525,,
,227918,240588,,
,227899,240744,,
,227732,240697,,
,227752,240551,,
,227801,240651,,
,228039,240762,,
,228047,241021,,
,228126,241288,,
,228141,241134,,
,228060,241214,,
,228182,241212,,
,228281,241339,,
,228123,241092,,
,227959,240740,,
,227557,240231,,
,227173,239894,,
,227105,239581,,
,227166,239661,,
,227161,239747,,
,227069,239740,,
,227078,239651,,
,227074,239690,,
,227214,239803,,
,227357,239975,,
,227360,240077,,
,227293,240070,,
,227434,240120,,
,227501,240220,,
,227537,240291,,
,227605,240357,,
,227738,240553,,
,227673,240467,,
,227754,240627,,
,227713,240648,,
,227760,240668,,
,227776,240728,,
,227864,240893,,
,227950,241038,,
,228103,241228,,
,228117,241303,,
,227895,241116,,
,227595,240611,,
,227379,240057,,
,227274,239891,,
,227261,239844,,
,227227,239804,,
,227139,239840,,
,227077,239749,,
,227235,239820,,
,227357,239918,,
,227312,239962,,
,227331,239970,,
,227241,240056,,
,227363,240191,,
,227664,240423,,
,227733,240548,,
,227531,240629,,
,227433,240501,,
,227699,240517,,
,227867,240807,,
,228123,241117,,
,227877,241126,,
,227857,241051,,
,227995,240978,,
,228233,241314,,
,228414,241690,,
,228370,241760,,
,228248,241589,,
,228347,241506,,
,228460,241450,,
,227990,241180,,
,227742,240669,,
,227456,240245,,
,227540,240308,,
,227675,240399,,
,227626,240588,,
,227449,240327,,
,227434,240349,,
,227598,240467,,
,227648,240718,,
,227790,240770,,
,227855,240909,,
,227953,241128,,
,228011,241084,,
,228142,241195,,
,228190,241390,,
,228116,241378,,
,228120,241358,,
,228182,241472,,
,228362,241620,,
,228564,241800,,
,228442,241887,,
,228500,241969,,
,228463,241987,,
,228644,242110,,
,228637,242269,,
,228825,242348,,
,228784,242533,,
,228618,242129,,
,228223,241609,,
,228188,241252,,
,227974,241173,,
,227866,241024,,
,227936,241033,,
,228021,241117,,
,227949,241160,,
,227990,241202,,
,228186,241341,,
,228225,241493,,
,228234,241654,,
,228466,241681,,
,228476,241903,,
,228652,242105,,
,228647,242151,,
,228630,242166,,
,228520,242013,,
,228764,242282,,
,228870,242418,,
,229053,242658,,
,228791,242638,,
,228857,242572,,
,228969,242599,,
,229198,242837,,
,229290,243048,,
,229116,242991,,
,229041,242874,,
,229023,242936,,
,229237,243035,,
,229217,242844,,
,228802,242231,,
,228527,241769,,
,228298,241527,,
,228173,241414,,
,228304,241493,,
,228440,241580,,
,228510,241670,,
,228368,241683,,
,228443,241716,,
,228390,241751,,
,228416,241855,,
,228423,241866,,
,228556,241937,,
,228694,241907,,
,228635,242097,,
,228768,242238,,
,228797,242269,,
,228767,242290,,
,228793,242364,,
,228674,242445,,
,228878,242401,,
,228916,242550,,
,228911,242533,,
,228940,242705,,
,229015,242808,,
,229162,242913,,
,229145,242953,,
,229200,243013,,
,229099,242707,,
,228714,242298,,
,228473,241803,,
,228280,241513,,
,228330,241503,,
,228340,241530,,
,228333,241637,,
,228396,241575,,
,228398,241486,,
,228226,241467,,
,228252,241458,,
,228445,241585,,
,228495,241795,,
,228557,241807,,
,228540,241937,,
,228600,241922,,
,228495,241914,,
,228632,241965,,
,228615,242052,,
,228688,242127,,
,228691,242204,,
,228782,242232,,
,228792,242288,,
,228885,242475,,
,228917,242495,,
,229050,242683,,
,229073,242662,,
,229090,242918,,
,229103,243031,,
,229141,242887,,
,229106,242895,,
,228910,242553,,
,228672,242105,,
,228527,241782,,
,228407,241517,,
,228362,241445,,
,228251,241401,,
,228168,241228,,
,228174,241170,,
,227999,241075,,
,228149,241166,,
,228319,241337,,
,228539,241600,,
,228410,241696,,
,228306,241457,,
,228411,241534,,
,228556,241811,,
,228631,241850,,
,228589,241937,,
,228563,241996,,
,228607,241830,,
,228683,241927,,
,228833,242174,,
,228813,242248,,
,228763,242282,,
,228743,242297,,
,228888,242404,,
,228933,242476,,
,228975,242496,,
,228997,242565,,
,229022,242585,,
,229117,242720,,
,229089,242809,,
,229275,243002,,
,229308,242864,,
,229089,242458,,
,229064,241964,,
,228896,241496,,
,228300,240589,,
,219917,230165,,
,243030,239727,,
,208250,188416,,
,122880,90112,,
,30398,13396,,
,6357,5861,,
,3760,3647,,
,3040,3009,,
,2761,2766,,
,2691,2688,,
,2630,2698,,
,2722,2602,,
,2695,2623,,
,2570,2641,,
,2469,2547,,
,2436,2491,,
,2429,2568,,
,2405,2454,,
,2355,2458,,
,2348,2468,,
,2401,2452,,
,2373,2440,,
,2367,2458,,
,2349,2420,,
,2326,2462,,
,2347,2377,,
,2362,2397,,
,2339,2437,,
,2300,2386,,
,2249,2380,,
,2243,2425,,
,2274,2371,,
,2290,2344,,
,2333,2337,,
,2348,2291,,
,2320,2439,,
,2292,2375,,
,2310,2361,,
,2203,2350,,
,2266,2280,,
,2274,2273,,
,2298,2346,,
,2269,2309,,
,2269,2344,,
,2229,2356,,
,2204,2347,,
,2234,2340,,
,2298,2343,,
,2284,2398,,
,2259,2321,,
,2243,2303,,
,2210,2378,,
,2176,2273,,
,2174,2336,,
,2245,2289,,
,2207,2290,,
,2189,2279,,
,2281,2312,,
,2250,2293,,
,2238,2320,,
,2180,2312,,
,2193,2310,,
,2259,2338,,
,2179,2220,,
,2264,2308,,
,2184,2248,,
,2178,2250,,
,2174,2283,,
,2189,2335,,
,2109,2279,,
,2126,2236,,
,2170,2284,,
,2179,2276,,
,2123,2225,,
,2198,2302,,
,2179,2319,,
,2256,2244,,
,2118,2254,,
,2153,2233,,
,2149,2298,,
,2194,2257,,
,2198,2255,,
,2212,2317,,
,2186,2243,,
,2173,2198,,
,2180,2228,,
,2179,2293,,
,2145,2265,,
,2213,2259,,
,2144,2247,,
,2135,2251,,
,2126,2149,,
,2174,2236,,
,2167,2167,,
,2160,2203,,
,2234,2240,,
,2136,2271,,
,2167,2242,,
,2148,2233,,
,2179,2221,,
,2126,2155,,
,2123,2186,,
,2156,2207,,
,2134,2256,,
,2112,2199,,
,2109,2241,,
,2109,2240,,
,2113,2187,,
,2149,2279,,
,2118,2190,,
,2092,2287,,
,2126,2241,,
,2181,2168,,
,2096,2167,,
,2074,2107,,
,2129,2251,,
,2190,2218,,
,2092,2277,,
,2212,2223,,
,2103,2190,,
,2115,2266,,
,2145,2236,,
,2145,2220,,
,2143,2201,,
,2090,2204,,
,2195,2202,,
,2119,2251,,
,2078,2181,,
,2106,2230,,
,2088,2175,,
,2159,2241,,
,2128,2153,,
,2145,2144,,
,2173,2227,,
,2112,2128,,
,2169,2245,,
,2108,2213,,
,2092,2140,,
,2135,2201,,
,2124,2244,,
,2111,2157,,
,2122,2189,,
,2092,2196,,
,2117,2229,,
,2190,2181,,
,2079,2209,,
,2141,2200,,
,2214,2237,,
,2108,2208,,
,2154,2207,,
,2115,2147,,
,2100,2119,,
,2135,2169,,
,2132,2251,,
,2112,2230,,
,2135,2198,,
,2104,2165,,
,2168,2248,,
,2096,2212,,
,2108,2212,,
,2125,2147,,
,2181,2155,,
,2109,2139,,
,2152,2166,,
,2104,2233,,
,2111,2141,,
,2091,2217,,
,2059,2212,,
,2096,2216,,
,2124,2195,,
,2136,2206,,
,2075,2155,,
,2123,2194,,
,2100,2166,,
,2109,2223,,
,2108,2144,,
,2105,2123,,
,2101,2235,,
,2154,2235,,
,2139,2205,,
,2079,2194,,
,2100,2123,,
,2098,2156,,
,2164,2132,,
,2091,2137,,
,2038,2221,,
,2082,2130,,
,2088,2112,,
,2033,2203,,
,2131,2169,,
,2093,2241,,
,2039,2181,,
,2140,2157,,
,2131,2165,,
,2117,2129,,
,2118,2173,,
,2102,2206,,
,2098,2146,,
,2120,2225,,
,2112,2152,,
,2139,2145,,
,2090,2159,,
,2098,2226,,
,2175,2186,,
,2074,2178,,
,2064,2094,,
,2048,2135,,
,2102,2150,,
,2073,2232,,
,2052,2211,,
,2063,2146,,
,2076,2169,,
,2024,2160,,
,2035,2184,,
,2030,2157,,
,2091,2198,,
,2110,2171,,
,2045,2173,,
,2097,2143,,
,2147,2222,,
,2065,2165,,
,2074,2133,,
,2115,2120,,
,2044,2098,,
,2127,2077,,
,2069,2135,,
,2128,2105,,
,2049,2061,,
,2049,2183,,
,2110,2217,,
,2131,2166,,
,2107,2172,,
,2058,2104,,
,2088,2164,,
,2068,2165,,
,2078,2118,,
,2064,2155,,
,2086,2160,,
,2148,2172,,
,2115,2145,,
,2043,2155,,
,2108,2149,,
,2078,2228,,
,2068,2180,,
,2096,2180,,
,2081,2167,,
,2031,2122,,
,2091,2198,,
,2058,2069,,
,2102,2150,,
,2066,2116,,
,2019,2155,,
,2081,2157,,
,2064,2160,,
,2076,2108,,
,2051,2138,,
,2060,2251,,
,2052,2108,,
,2034,2114,,
,2047,2113,,
,2054,2124,,
,2055,2110,,
,1984,2178,,
,1997,2086,,
,2057,2139,,
,2098,2116,,
,2108,2125,,
,2097,2077,,
,2096,2099,,
,2087,2139,,
,2072,2146,,
,2046,2104,,
,2066,2155,,
,1976,2093,,
,2044,2102,,
,2123,2101,,
,2068,2024,,
,2094,2098,,
,2022,2112,,
,2028,2149,,
,2050,2086,,
,2027,2139,,
,2075,2080,,
,2030,2110,,
,2002,2082,,
,2053,2155,,
,2032,2154,,
,2018,2185,,
,2013,2212,,
,2060,2077,,
,2069,2083,,
,2067,2139,,
,2094,2056,,
,2096,2107,,
,2037,2158,,
,2037,2057,,
,2004,2117,,
,2053,2120,,
,2003,2174,,
,2038,2092,,
,2043,2056,,
,2045,2086,,
,2080,2112,,
,2068,2063,,
,2104,2194,,
,2058,2097,,
,2017,2121,,
,1986,2114,,
,2009,2091,,
,1983,2151,,
,2065,2100,,
,2036,2089,,
,2023,2176,,
,2047,2107,,
,2035,2134,,
,1991,2113,,
,2024,2052,,
,1945,2089,,
,1944,2132,,
,2038,2037,,
,2076,2063,,
,2035,2163,,
,2026,2141,,
,2020,2116,,
,2033,2123,,
,2044,2083,,
,2047,2120,,
,2021,2148,,
,1988,2092,,
,2037,2068,,
,2025,2121,,
,2079,2113,,
,2084,2066,,
,2059,2125,,
,2097,2098,,
,2007,2080,,
,2025,2139,,
,2012,2105,,
,2057,2168,,
,2083,2122,,
,2062,2068,,
,2057,2101,,
,2046,2096,,
,2101,2127,,
,2066,2020,,
,2040,2120,,
,2015,2115,,
,2013,2126,,
,2050,2082,,
,2074,2157,,
,2009,2092,,
,2061,2117,,
,2071,2193,,
,1965,2061,,
,2053,2194,,
,2005,2140,,
,2060,2091,,
,2021,2111,,
,2043,2199,,
,2014,2077,,
,2022,2096,,
,2013,2135,,
,2047,2127,,
,2026,2120,,
,1988,2144,,
,1999,2077,,
,2045,2104,,
,2097,2140,,
,2071,2130,,
,2061,2139,,
,2015,2120,,
,2059,2144,,
,2029,2058,,
,2058,2170,,
,2052,2163,,
,2066,2121,,
,2036,2114,,
,2064,2138,,
,2035,2073,,
,2112,2095,,
,2040,2147,,
,1988,1988,,
,2016,2104,,
,2050,2173,,
,2111,2164,,
,2063,2145,,
,2024,2075,,
,2035,2129,,
,2133,2085,,
,2070,2076,,
,1965,2082,,
,2020,2147,,
,2042,2066,,
,1990,2106,,
,2085,2151,,
,2075,2114,,
,1996,2108,,
,2053,2059,,
,2020,2117,,
,1934,2138,,
,2044,2186,,
,1975,2168,,
,2023,2143,,
,2025,2107,,
,2091,2081,,
,2081,2144,,
,2115,2132,,
,2097,2107,,
,2041,2150,,
,2039,2065,,
,2040,2131,,
,1988,2064,,
,2076,2082,,
,1947,2156,,
,2049,2136,,
,1957,2096,,
,2014,2083,,
,2014,2075,,
,2042,2107,,
,2053,2135,,
,2023,2103,,
,2065,2097,,
,2065,2090,,
,2026,2126,,
,1994,2145,,
,2048,2149,,
,2026,2069,,
,2011,2073,,
,2044,2079,,
,2031,2086,,
,1978,2147,,
,2061,2126,,
,1979,2112,,
,2001,2086,,
,2032,2123,,
,2120,2200,,
,2030,2130,,
,2032,2121,,
,2018,2031,,
,2005,2069,,
,2039,2141,,
,2010,2125,,
,2101,2105,,
,1943,2118,,
,2016,2123,,
,1992,2108,,
,2101,2052,,
